state	expected_discomfort
exposed-1	3.410977809744379
exposed-2	4.264491212473884
exposed-3	5.331327031522923
recovered	-0.0
symptoms-1	6.664818853984066
symptoms-2	4.99977911446515
symptoms-3	1.6666537816771334
