action	state	expected_sick_days
sleep-8	exposed-1	1.2499999918672466
sleep-8	exposed-2	2.4999999882928905
sleep-8	exposed-3	4.999999983154014
do-nothing	recovered	-0.0
do-nothing	symptoms-1	9.999999975768388
do-nothing	symptoms-2	6.66666666513596
do-nothing	symptoms-3	3.333333333285498
