state	expected_sick_days
exposed-1	1.2392223155883382
exposed-2	2.480925556774593
exposed-3	4.966817931539722
recovered	-0.0
symptoms-1	9.943579442606625
symptoms-2	6.640087882724119
symptoms-3	3.3255736614563025
