state	speed_discomfort	minimize_discomfort
exposed-1	0.36843621792245634	0.3006596931798726
exposed-2	0.8187471547969651	0.6684223602699537
exposed-3	1.8194381273780469	1.485847974991486
recovered	-0.0	-0.0
symptoms-1	4.043195846760861	3.302628920121568
symptoms-2	3.688823957850617	3.1061767901665376
symptoms-3	1.3513513513016373	1.1538177517905592
