state	speed_discomfort	minimize_discomfort
exposed-1	-0.0	-0.0
exposed-2	-0.0	-0.0
exposed-3	-0.0	-0.0
recovered	-0.0	-0.0
symptoms-1	4.999999955776649	3.745578680783349
symptoms-2	9.999999911553298	7.491157361566698
symptoms-3	4.999999955776649	3.745578680783349
