state	speed_discomfort	minimize_discomfort
exposed-1	0.8261474387238577	0.7491647930150531
exposed-2	1.6539488306531662	1.4986889192678159
exposed-3	3.311208876486158	2.9979439870336204
recovered	-0.0	-0.0
symptoms-1	6.629046808859511	5.996778913019338
symptoms-2	4.982830770633851	4.499579858219914
symptoms-3	1.662786830682806	1.499973182439569
